sector,shock
HS1I,0.809915246
HS2I,0.609623907
HS3I,0.520648958
IACCO,0.729379923
IAGMIN,0.673318224
IART,0.506238079
ICONS,0.580003635
IEDU,0.85819425
IHEALTH,0.801351219
IMANU,0.841161742
IPROFSER,0.712060384
IREALE,0.714394446
IRETAIL,0.70902162
ITRANS,0.49485041
IUTIL,0.905982045
IWHOLE,0.414333975
HS1M,1
HS2M,1
HS3M,1
MACCO,1
MAGMIN,1
MART,1
MCONS,1
MEDU,1
MHEALTH,1
MMANU,1
MPROFSER,1
MREALE,1
MRETAIL,1
MTRANS,1
MUTIL,1
MWHOLE,1