,dsc,dsr,mig,emp,hhinc
0,-150309.22705479132,-5385.263852273627,-39.12401259423456,-173.7179936079962,-18013.389725439254
