,DSC,DSR,MIG,EMP,HHINC
0,-579.921175865927,-738.622495785387,-669.7393261437153,-3727.9478011468755,-270.62863116066933
