,DSC,DSR,MIG,EMP,HHINC
0,-54.58710049319667,-55.05819900377736,12.364565148806378,-14.614365410446494,0.18028800915640475
