Household Group,Y0,YL
IHH1,7.812773785691628,7.514828808537327
IHH2,59.88510692409671,56.34212152772226
IHH3,241.0572152615436,225.95408854143244
IHH4,733.4128816614335,684.4979491672306
IHH5,788.4928859461922,725.5810939873957
MHH1,32.43375486843682,31.034886283356876
MHH2,253.23138522977945,248.11335789445934
MHH3,1014.1907031304448,989.8945175052719
MHH4,3125.571102506246,3063.8174843693464
MHH5,3334.1966684053455,3303.009678353092
