Household Group,HH0,HHL
IHH1,1137.9999999475792,1126.0207255679977
IHH2,2194.9999998260664,2156.091090197549
IHH3,4223.999999610926,4129.947383436988
IHH4,5817.000000112062,5625.5848868329085
IHH5,3944.0000000898117,3742.5718991738545
MHH1,3532.0000000204086,3550.1041299941635
MHH2,6813.000000060863,6869.722656731966
MHH3,13114.999999894791,13248.7328796533
MHH4,18057.999999434884,18342.373459119015
MHH5,12223.99999898806,12654.495526868259
