DUMMY,L1W_R1,L2W_R1,L3W_R1,L4W_R1,L1W_R2,L2W_R2,L3W_R2,L4W_R2
HH1_R1,0.645563027,0.256984563,0,0,0.079032105,0.018420305,0,0
HH2_R1,0.195124151,0.405922284,0.235064613,0,0.041902528,0.082113619,0.039872804,0
HH3_R1,0.140390051,0.325464331,0.350568556,0.000258141,0.035520219,0.063386553,0.084412148,0
HH4_R1,0.093616364,0.190761126,0.300694298,0.130583243,0.050763402,0.061356726,0.10550235,0.066722492
HH1_R2,0.539011925,0.214582624,0,0,0.199795571,0.046609881,0,0
HH2_R2,0.14645389,0.304664936,0.176444846,0,0.095224203,0.186568253,0.090643872,0
HH3_R2,0.102344966,0.23726972,0.255562403,0.000194603,0.078392579,0.139903347,0.186332382,0
HH4_R2,0.059379805,0.120999351,0.190724627,0.082825985,0.097482069,0.117835272,0.202616587,0.128136304
