DUMMY,OUT1,OUT2,OUT3,OUT4
HH1_R1,0.046773534,0.069297489,0.078697607,0.022932655
HH2_R1,0.046896584,0.069490295,0.07890239,0.023038561
HH3_R1,0.062309726,0.092352566,0.104858263,0.030589737
HH4_R1,0.076239799,0.113004858,0.128300919,0.037438471
HH1_R2,0.04864532,0.072044335,0.081896552,0.023860837
HH2_R2,0.048002065,0.071142845,0.080777668,0.023613919
HH3_R2,0.055453899,0.082189692,0.09329572,0.027218664
HH4_R2,0.072920767,0.108078025,0.122711045,0.035822395
